Old_DBName,Old_Description,New_DBName,New_Description,Confidence (%),Note
access_prop1,AccessToProperty1,AccessToProperty,Access To Property,75,
access_prop2,AccessToProperty2,AccessToProperty,Access To Property,75,
acres,Acreage,LotSizeRangeAcres,Acreage,100,
addl_mo_fee,AddlMonthlyFees,AccessibilityFeatures,POTL Monthly Fee,75,
addr,Address,InternetAddressDisplayYN,Display Address on Internet,100,
a_c,AirConditioning,Cooling,Air Conditioning,75,
all_inc,AllInclusive,RentIncludes,Included in Lease Cost,75,
alt_power1,AlternativePower1,AlternativePower,Alternative Power,75,
alt_power2,AlternativePower2,AlternativePower,Alternative Power,75,
yr_built,ApproxAge,ApproximateAge,Approximate Age,75,
sqft,ApproxSquareFootage,LivingAreaRange,Approximate Square Footage,75,
apt_num,AptUnit,ApartmentNumber,Apartment Number,100,
area,Area,BuildingAreaTotal,Total Area,100,
area_code,AreaCode,BuildingAreaUnits,Total Area Code,75,
tv,Assessment,AssessmentYear,Assessment Year,100,
ass_year,AssessmentYear,AssessmentYear,Assessment Year,75,
bsmt1_out,Basement1,Basement,Basement,75,
bsmt2_out,Basement2,Basement,Basement,75,
br,Bedrooms,BedroomsAboveGrade,# of Bedrooms,100,
br_plus,BedroomsPlus,BedroomsBelowGrade,Bedrooms +,75,
cable,CableTVIncluded,CableYNA,Cable,100,
cac_inc,CacIncluded,RentIncludes,Included in Lease Cost,75,
central_vac,CentralVac,CentralVacuumYN,Central Vacuum,75,
cert_lvl,CertLevel,LockerLevel,Locker Level,75,
td,ClosedDate,,,0,
com_coopb,CommissionCoOpBrokerage,ListOfficeKey,Listing Brokerage,75,
comel_inc,CommonElementsIncluded,RentIncludes,Included in Lease Cost,0,
community,Community,CityRegion,Community,100,
community_code,CommunityCode,CityRegion,Community,75,
cond,Condition,Cooling,Air Conditioning,100,
cndsold_xd,ConditionalExpiryDate,ExpirationDate,Expiry Date,75,
ld,ContractDate,ContractStatus,ContractStatus,75,
dom,DaysOnMarket,,,0,ListingContractDate
cross_st,DirectionsCrossStreets,CrossStreet,Direction/ Main Cross Streets,75,
disp_addr,DisplayAddressOnInternet,InternetAddressDisplayYN,Display Address on Internet,75,
internet,DistributeToInternetPortals,InternetEntireListingDisplayYN,Distribute to Internet,75,
drive,Drive,DriveInLevelShippingDoors,Drive-In Level Shipping Doors #,100,
easement_rest1,EasementsRestrictions1,Disclosures,Easements/ Restrictions,75,
easement_rest2,EasementsRestrictions2,Disclosures,Easements/ Restrictions,75,
easement_rest3,EasementsRestrictions3,Disclosures,Easements/ Restrictions,75,
easement_rest4,EasementsRestrictions4,Disclosures,Easements/ Restrictions,75,
elevator,Elevator,ElevatorType,Elevator,100,
energy_cert,EnergyCertification,,,0,
xd,ExpiryDate,ExpirationDate,Expiry Date,75,
xdtd,ExtensionEntryDate,ExpirationDate,Expiry Date,75,
constr1_out,Exterior1,ConstructionMaterials,Exterior,75,
constr2_out,Exterior2,ConstructionMaterials,Exterior,75,
extras,Extras,PublicRemarksExtras,Extras,100,
den_fr,FamilyRoom,DenFamilyroomYN,Family Room,75,
farm_agri,FarmAgriculture,FarmType,Farm/ Agriculture,75,
fpl_num,FireplaceStove,FireplaceYN,Fireplace/ Stove,75,
comp_pts,FrontingOnNSEW,DirectionFaces,Fronting On,75,
furnished,Furnished,Furnished,Furnished,100,
gar_spaces,GarageSpaces,CoveredSpaces,Garage Parking Spaces,75,
gar_type,GarageType,GarageType,Garage Type,75,
green_pis,GreenPropInfoStatement,VendorPropertyInfoStatement,Seller Property Info Statement,75,
heat_inc,HeatIncluded,RentIncludes,,0,
fuel,HeatSource,HeatSource,Heat Source,75,
heating,HeatType,HeatType,Heat Type,75,
hydro_inc,HydroIncluded,RentIncludes,,0,
num_kit,Kitchens,KitchensAboveGrade,# of Kitchens,100,
kit_plus,KitchensPlus,KitchensBelowGrade,Kitchens +,75,
lsc,LastStatus,MlsStatus,MLS Status,75,
laundry,LaundryAccess,LaundryFeatures,Laundry Access,75,
laundry_lev,LaundryLevel,LaundryFeatures,Laundry Access,75,
lease,LeaseAgreement,Basement,Basement,75,
lse_terms,LeasedTerms,LeasedTerms,Leased Terms,75,
lease_term,LeaseTerm,LeasedTerms,Leased Terms,75,
legal_desc,LegalDescription,TaxLegalDescription,Legal Description,75,
level1,Level1,LegalStories,Level,75,
level10,Level10,LegalStories,Level,75,
level11,Level11,LegalStories,Level,75,
level12,Level12,LegalStories,Level,75,
level2,Level2,LegalStories,Level,75,
level3,Level3,LegalStories,Level,75,
level4,Level4,LegalStories,Level,75,
level5,Level5,LegalStories,Level,75,
level6,Level6,LegalStories,Level,75,
level7,Level7,LegalStories,Level,75,
level8,Level8,LegalStories,Level,75,
level9,Level9,LegalStories,Level,75,
link_yn,Link,LinkProperty,Link Property,100,
link_comment,Link Comment,LinkProperty,Link Property,75,
rltr,ListBrokerage,ListOfficeKey,Listing Brokerage,75,
input_date,ListingEntryDate,ListingKey,Listing Key,75,
lp_dol,ListPrice,ListPrice,List Price,75,
depth,LotDepth,LotDepth,Lot Depth,75,
front_ft,LotFront,FrontageLength,Lot Front,75,
lot_fr_inc,LotFrontIncomplete,,,0,
irreg,LotIrregularities,LotIrregularities,Lot Irregularities,75,
lotsz_code,LotSizeCode,LotSizeUnits,Lot Size Code,75,
mmap_page,Map,,,0,
mmap_col,MapColumn,,,0,
mmap_row,MapRow,,,0,
ml_num,MLS,MlsStatus,MLS Status,100,
municipality,Municipality,City,Municipality,100,
municipality_code,MunicipalityCode,City,Municipality,75,
municipality_district,MunicipalityDistrict,City,Municipality,75,
oh_link1,Open House Link 1,OpenHouseKey,Open House Key,75,
oh_link2,Open House Link 2,OpenHouseKey,Open House Key,75,
oh_link3,Open House Link 3,OpenHouseKey,Open House Key,75,
oh_link4,Open House Link 4,OpenHouseKey,Open House Key,75,
oh_link5,Open House Link 5,OpenHouseKey,Open House Key,75,
oh_link6,Open House Link 6,OpenHouseKey,Open House Key,75,
oh_type1,Open House Type 1,OpenHouseType,Open House Type,75,
oh_type2,Open House Type 2,OpenHouseType,Open House Type,75,
oh_type3,Open House Type 3,OpenHouseType,Open House Type,75,
oh_type4,Open House Type 4,OpenHouseType,Open House Type,75,
oh_type5,Open House Type 5,OpenHouseType,Open House Type,75,
oh_type6,Open House Type 6,OpenHouseType,Open House Type,75,
oh_date1,OpenHouseDate1,OpenHouseDate,Open House Date,75,
oh_date2,OpenHouseDate2,OpenHouseDate,Open House Date,75,
oh_date3,OpenHouseDate3,OpenHouseDate,Open House Date,75,
oh_date4,OpenHouseDate4,OpenHouseDate,Open House Date,75,
oh_date5,OpenHouseDate5,OpenHouseDate,Open House Date,75,
oh_date6,OpenHouseDate6,OpenHouseDate,Open House Date,75,
oh_from1,OpenHouseFrom1,OpenHouseKey,Open House Key,75,
oh_from2,OpenHouseFrom2,OpenHouseKey,Open House Key,75,
oh_from3,OpenHouseFrom3,OpenHouseKey,Open House Key,75,
oh_from4,OpenHouseFrom4,OpenHouseKey,Open House Key,75,
oh_from5,OpenHouseFrom5,OpenHouseKey,Open House Key,75,
oh_from6,OpenHouseFrom6,OpenHouseKey,Open House Key,75,
oh_to1,OpenHouseTo1,OpenHouseType,Open House Type,75,
oh_to2,OpenHouseTo2,OpenHouseType,Open House Type,75,
oh_to3,OpenHouseTo3,OpenHouseType,Open House Type,75,
oh_to4,OpenHouseTo4,OpenHouseType,Open House Type,75,
oh_to5,OpenHouseTo5,OpenHouseType,Open House Type,75,
oh_to6,OpenHouseTo6,OpenHouseType,Open House Type,75,
oh_dt_stamp,OpenHouseUpDtTimestamp,OpenHouseEndTime,Open House End Time,75,
orig_dol,OriginalPrice,ListPrice,,0,
oth_struc1_out,OtherStructures1,OtherStructures,Other Structures,75,
oth_struc2_out,OtherStructures2,OtherStructures,Other Structures,75,
outof_area,OutofAreaMunicipality,OutOfAreaMunicipality,Out Of Area Municipality,75,
parcel_id,ParcelId,ParcelNumber,,0,
potl,ParcelOfTiedLand,ParcelOfTiedLand,Parcel of Tied Land,75,
park_chgs,ParkCostMo,ParkingMonthlyCost,Parking Cost/ Month,75,
prkg_inc,ParkingIncluded,ParkingSpaces,Parking Spaces,75,
park_spcs,ParkingSpaces,ParkingSpaces,Parking Spaces,75,
pay_freq,PaymentFrequency,,,0,
perc_dif,PerListingPrice,ListPrice,List Price,75,
handi_equipped,PhyHandiEquipped,,,0,
pix_updt,PixUpdtedDt,PhotosChangeTimestamp,,0,
pool,Pool,PoolFeatures,Pool,100,
poss_date,PossessionDate,PossessionDetails,Possession Remarks,75,
occ,PossessionRemarks,PossessionDetails,Possession Remarks,75,
zip,PostalCode,PostalCode,Postal Code,75,
pr_lsc,PriorLSC, ,,0,
pvt_ent,PrivateEntrance,,,0,
prop_feat1_out,PropertyFeatures1,LotFeatures,Lot Features,75,
prop_feat2_out,PropertyFeatures2,LotFeatures,Lot Features,75,
prop_feat3_out,PropertyFeatures3,LotFeatures,Lot Features,75,
prop_feat4_out,PropertyFeatures4,LotFeatures,Lot Features,75,
prop_feat5_out,PropertyFeatures5,LotFeatures,Lot Features,75,
prop_feat6_out,PropertyFeatures6,LotFeatures,Lot Features,75,
prop_mgmt,PropertyMgmtCo,PropertyManagementCompany,Property Management Company,75,
county,Province,StateOrProvince,Province,100,
ad_text,RemarksForClients,PublicRemarks,Remarks For Clients,75,
retirement,Retirement,SeniorCommunityYN,Retirement Community,100,
rm1_out,Room1,RoomsBelowGrade,Rooms +,75,
rm10_out,Room10,RoomsBelowGrade,Rooms +,75,
rm10_dc1_out,Room10Desc1,RoomFeatures,,0,
rm10_dc2_out,Room10Desc2,RoomFeature1,,0,
rm10_dc3_out,Room10Desc3,RoomFeature2,,0,
rm10_len,Room10Length,RoomFeature3,Room Length,75,
rm10_wth,Room10Width,RoomWidth,Room Width,75,
rm11_out,Room11,RoomsBelowGrade,Rooms +,75,
rm11_dc1_out,Room11Desc1,RoomFeature3,,0,
rm11_dc2_out,Room11Desc2,,,0,
rm11_dc3_out,Room11Desc3,,,0,
rm11_len,Room11Length,RoomLength,Room Length,75,
rm11_wth,Room11Width,RoomWidth,Room Width,75,
rm12_out,Room12,RoomsBelowGrade,Rooms +,75,
rm12_dc1_out,Room12Desc1,,,0,
rm12_dc2_out,Room12Desc2,,,0,
rm12_dc3_out,Room12Desc3,,,0,
rm12_len,Room12Length,RoomLength,Room Length,75,
rm12_wth,Room12Width,RoomWidth,Room Width,75,
rm1_dc1_out,Room1Desc1,RoomDescription,Room Description,75,
rm1_dc2_out,Room1Desc2,RoomDescription,Room Description,75,
rm1_dc3_out,Room1Desc3,RoomDescription,Room Description,75,
rm1_len,Room1Length,RoomLength,Room Length,75,
rm1_wth,Room1Width,RoomWidth,Room Width,75,
rm2_out,Room2,RoomsBelowGrade,Rooms +,75,
rm2_dc1_out,Room2Desc1,RoomDescription,Room Description,75,
rm2_dc2_out,Room2Desc2,RoomDescription,Room Description,75,
rm2_dc3_out,Room2Desc3,RoomDescription,Room Description,75,
rm2_len,Room2Length,RoomLength,Room Length,75,
rm2_wth,Room2Width,RoomWidth,Room Width,75,
rm3_out,Room3,RoomsBelowGrade,Rooms +,75,
rm3_dc1_out,Room3Desc1,RoomDescription,Room Description,75,
rm3_dc2_out,Room3Desc2,RoomDescription,Room Description,75,
rm3_dc3_out,Room3Desc3,RoomDescription,Room Description,75,
rm3_len,Room3Length,RoomLength,Room Length,75,
rm3_wth,Room3Width,RoomWidth,Room Width,75,
rm4_out,Room4,RoomsBelowGrade,Rooms +,75,
rm4_dc1_out,Room4Desc1,RoomDescription,Room Description,75,
rm4_dc2_out,Room4Desc2,RoomDescription,Room Description,75,
rm4_dc3_out,Room4Desc3,RoomDescription,Room Description,75,
rm4_len,Room4Length,RoomLength,Room Length,75,
rm4_wth,Room4Width,RoomWidth,Room Width,75,
rm5_out,Room5,RoomsBelowGrade,Rooms +,75,
rm5_dc1_out,Room5Desc1,RoomDescription,Room Description,75,
rm5_dc2_out,Room5Desc2,RoomDescription,Room Description,75,
rm5_dc3_out,Room5Desc3,RoomDescription,Room Description,75,
rm5_len,Room5Length,RoomLength,Room Length,75,
rm5_wth,Room5Width,RoomWidth,Room Width,75,
rm6_out,Room6,RoomsBelowGrade,Rooms +,75,
rm6_dc1_out,Room6Desc1,RoomDescription,Room Description,75,
rm6_dc2_out,Room6Desc2,RoomDescription,Room Description,75,
rm6_dc3_out,Room6Desc3,RoomDescription,Room Description,75,
rm6_len,Room6Length,RoomLength,Room Length,75,
rm6_wth,Room6Width,RoomWidth,Room Width,75,
rm7_out,Room7,RoomsBelowGrade,Rooms +,75,
rm7_dc1_out,Room7Desc1,RoomDescription,Room Description,75,
rm7_dc2_out,Room7Desc2,RoomDescription,Room Description,75,
rm7_dc3_out,Room7Desc3,RoomDescription,Room Description,75,
rm7_len,Room7Length,RoomLength,Room Length,75,
rm7_wth,Room7Width,RoomWidth,Room Width,75,
rm8_out,Room8,RoomsBelowGrade,Rooms +,75,
rm8_dc1_out,Room8Desc1,RoomDescription,Room Description,75,
rm8_dc2_out,Room8Desc2,RoomDescription,Room Description,75,
rm8_dc3_out,Room8Desc3,RoomDescription,Room Description,75,
rm8_len,Room8Length,RoomLength,Room Length,75,
rm8_wth,Room8Width,RoomWidth,Room Width,75,
rm9_out,Room9,RoomsBelowGrade,Rooms +,75,
rm9_dc1_out,Room9Desc1,RoomDescription,Room Description,75,
rm9_dc2_out,Room9Desc2,RoomDescription,Room Description,75,
rm9_dc3_out,Room9Desc3,RoomDescription,Room Description,75,
rm9_len,Room9Length,RoomLength,Room Length,75,
rm9_wth,Room9Width,RoomWidth,Room Width,75,
rms,Rooms,BathroomsTotalInteger,Washrooms,100,
rooms_plus,RoomsPlus,RoomsBelowGrade,Rooms +,75,
rural_svc1,RuralServices1,RuralUtilities,Rural Services,75,
rural_svc2,RuralServices2,RuralUtilities,Rural Services,75,
rural_svc3,RuralServices3,RuralUtilities,Rural Services,75,
rural_svc4,RuralServices4,RuralUtilities,Rural Services,75,
rural_svc5,RuralServices5,RuralUtilities,Rural Services,75,
s_r,SaleLease,TransactionType,Lease,75,
vend_pis,SellerPropertyInfoStatement,VendorPropertyInfoStatement,Seller Property Info Statement,75,
sewage1,Sewage1,Sewer,Sewers,75,
sewage2,Sewage2,Sewer,Sewers,75,
sewer,Sewers,Sewer,Sewers,100,
shoreline1,Shoreline1,Shoreline,Shoreline,75,
shoreline2,Shoreline2,Shoreline,Shoreline,75,
shore_allow,ShorelineAllowance,ShorelineAllowance,Shoreline Allowance,75,
shoreline_exp,ShorelineExposure,Shoreline,Shoreline,75,
cd,SoldDate,,,0,
sp_dol,SoldPrice,ListPrice,List Price,75,
spec_des1_out,SpecialDesignation1,SpecialDesignation,SpecialDesignation,75,
spec_des2_out,SpecialDesignation2,SpecialDesignation,SpecialDesignation,75,
spec_des3_out,SpecialDesignation3,SpecialDesignation,SpecialDesignation,75,
spec_des4_out,SpecialDesignation4,SpecialDesignation,SpecialDesignation,75,
spec_des5_out,SpecialDesignation5,SpecialDesignation,SpecialDesignation,75,
spec_des6_out,SpecialDesignation6,SpecialDesignation,SpecialDesignation,75,
status,Status,ContractStatus,ContractStatus,100,
st_num,Street,CrossStreet,Direction/ Main Cross Streets,100,
st_sfx,StreetAbbreviation,StreetSuffix,Abbreviation,75,
st_dir,StreetDirection,StreetDirSuffix,Street Direction,75,
st,StreetName,StreetName,Street Name,75,
style,Style,ArchitecturalStyle,Style,100,
dt_sus,SuspendedDate,,,0,
taxes,Taxes,TaxAnnualAmount,Taxes,100,
yr,TaxYear,TaxYear,Tax Year,75,
dt_ter,TerminatedDate,,,0,
timestamp_sql,TimestampSql,TimestampSQL,TimestampSQL,100,
tot_park_spcs,TotalParkingSpaces,ParkingTotal,Total Parking Spaces,75,
type_own1_out,TypeOwn1Out,PropertyType,,0,
type_own_srch,TypeOwnSrch,PropertySubType,,0,
uffi,Uffi,UFFI,UFFI,100,
unavail_dt,UnavailableDate,,,0,
util_cable,UtilitiesCable,Utilities,Utilities,75,
gas,UtilitiesGas,Utilities,Utilities,75,
elec,UtilitiesHydro,Utilities,Utilities,75,
util_tel,UtilitiesTelephone,Utilities,Utilities,75,
vtour_updt,VirtualTourUploadDate,VirtualTourURLUnbranded,Virtual Tour URL,75,
tour_url,VirtualTourURL,VirtualTourURLUnbranded,Virtual Tour URL,75,
bath_tot,Washrooms,BathroomsTotalInteger,Washrooms,100,
wcloset_t1,WashroomsType1,BathroomsTotalInteger,Washrooms,75,
wcloset_t1lvl,WashroomsType1Level,BathroomsTotalInteger,Washrooms,75,
wcloset_p1,WashroomsType1Pcs,BathroomsTotalInteger,Washrooms,75,
wcloset_t2,WashroomsType2,BathroomsTotalInteger,Washrooms,75,
wcloset_t2lvl,WashroomsType2Level,BathroomsTotalInteger,Washrooms,75,
wcloset_p2,WashroomsType2Pcs,BathroomsTotalInteger,Washrooms,75,
wcloset_t3,WashroomsType3,BathroomsTotalInteger,Washrooms,75,
wcloset_t3lvl,WashroomsType3Level,BathroomsTotalInteger,Washrooms,75,
wcloset_p3,WashroomsType3Pcs,BathroomsTotalInteger,Washrooms,75,
wcloset_t4,WashroomsType4,BathroomsTotalInteger,Washrooms,75,
wcloset_t4lvl,WashroomsType4Level,BathroomsTotalInteger,Washrooms,75,
wcloset_p4,WashroomsType4Pcs,BathroomsTotalInteger,Washrooms,75,
wcloset_t5,WashroomsType5,BathroomsTotalInteger,Washrooms,75,
wcloset_t5lvl,WashroomsType5Level,BathroomsTotalInteger,Washrooms,75,
wcloset_p5,WashroomsType5Pcs,BathroomsTotalInteger,Washrooms,75,
water,Water,WaterBodyName,Body Of Water Name,100,
water_body,WaterBodyName,Waterfront,Waterfront,75,
water_type,WaterBodyType,WaterBodyType,Water Type,75,
water_del_feat1,WaterDeliveryFeatures1,WaterDeliveryFeature,Water Delivery Features,75,
water_del_feat2,WaterDeliveryFeatures2,WaterDeliveryFeature,Water Delivery Features,75,
water_feat1,WaterFeatures1,WaterfrontFeatures,Waterfront Features,75,
water_feat2,WaterFeatures2,WaterfrontFeatures,Waterfront Features,75,
water_feat3,WaterFeatures3,WaterfrontFeatures,Waterfront Features,75,
water_feat4,WaterFeatures4,WaterfrontFeatures,Waterfront Features,75,
water_feat5,WaterFeatures5,WaterfrontFeatures,Waterfront Features,75,
waterfront,Waterfront,Waterfront,Waterfront,100,
water_acc_bldg1,WaterfrontAccBldgs1,WaterfrontAccessory,Waterfront Accessory Buildings,75,
water_acc_bldg2,WaterfrontAccBldgs2,WaterfrontAccessory,Waterfront Accessory Buildings,75,
water_front,WaterFrontage,Waterfront,Waterfront,75,
water_inc,WaterIncluded,WaterView,Water View,75,
wtr_suptyp,WaterSupplyTypes,WaterSource,Water Supply Type,75,
zoning,Zoning,ZoningDesignation,Zoning,100,
